{ 
	"方法/method":[
		{"checkway":"全检","checkway_en":"All inspection"},
		{"checkway":"抽检计划","checkway_en":"Sampling plan"},
		{"checkway":"抽检计划-加严","checkway_en":"Sampling plan(tighten up)"},
		{"checkway":"AQL0.65","checkway_en":"AQL0.65"},
		{"checkway":"AQL1.0","checkway_en":"AQL1.0"},
		{"checkway":"每X件抽1","checkway_en":"1 for every X pieces"},
		{"checkway":"每天X件","checkway_en":"X pieces every day"},			
		{"checkway":"每单X件","checkway_en":"X pieces per order"}
	]
}
       
