﻿{ 
	"常用":[
		{"coarseThread":"M3.0"},
		{"coarseThread":"M4.0"},
		{"coarseThread":"M5.0"}
	],
	"全部":[
		{"coarseThread":"M1.0"},
		{"coarseThread":"M1.2"},
		{"coarseThread":"M1.6"},
		{"coarseThread":"M2.0"},
		{"coarseThread":"M2.5"},
		{"coarseThread":"M3.0"},
		{"coarseThread":"M4.0"},
		{"coarseThread":"M5.0"},
		{"coarseThread":"M6.0"},
		{"coarseThread":"M8.0"},
		{"coarseThread":"M10"},
		{"coarseThread":"M12"},
		{"coarseThread":"M16"},
		{"coarseThread":"M20"},
		{"coarseThread":"M24"},
		{"coarseThread":"M30"}
	]
}