{ 
	"RS232":[
		{"CodeName":"HG","ChineseDescription":"高度尺","EnglishDescription":"Height Gauge"},
		{"CodeName":"VC","ChineseDescription":"卡尺","EnglishDescription":"Vernier Caliper"},
		{"CodeName":"PJ","ChineseDescription":"投影仪","EnglishDescription":"Profile Projector"},
		{"CodeName":"DT","ChineseDescription":"百分表/千分表","EnglishDescription":"Dial Indicator"},
		{"CodeName":"DI","ChineseDescription":"高度计","EnglishDescription":"Digital Indicator"},
		{"CodeName":"HT","ChineseDescription":"内径千分尺(三爪)","EnglishDescription":"Holtest Meter"},
		{"CodeName":"UM","ChineseDescription":"外径百分尺/外径千分尺","EnglishDescription":"Micrometer"},
		{"CodeName":"HD","ChineseDescription":"硬度测量仪","EnglishDescription":"Hardness Tester"}
	],
	"USB":[
		{"CodeName":"PS","ChineseDescription":"块规","EnglishDescription":"Block Gage"},
		{"CodeName":"PG","ChineseDescription":"针规/塞规","EnglishDescription":"Pin Gage"},
		{"CodeName":"TG","ChineseDescription":"螺纹规","EnglishDescription":"Thread Gage"},
		{"CodeName":"RR","ChineseDescription":"R规","EnglishDescription":"Radius Gage"},
		{"CodeName":"SM","ChineseDescription":"塞片","EnglishDescription":"Shim"},
		{"CodeName":"EB","ChineseDescription":"电子磅","EnglishDescription":"Electronic Balance"}
	],
	"程式导出/program":[
		{"CodeName":"CMM","ChineseDescription":"三坐标测量仪","EnglishDescription":"CMM"},
		{"CodeName":"IM","ChineseDescription":"影像仪","EnglishDescription":"Image Measure"},
		{"CodeName":"ZYGO","ChineseDescription":"ZYGO","EnglishDescription":"ZYGO"},
		{"CodeName":"VI","ChineseDescription":"目测","EnglishDescription":"Vision Inspection"},
		{"CodeName":"MS","ChineseDescription":"显微镜","EnglishDescription":"Microscope"}
	],
	"其他/others":[
		{"CodeName":"","ChineseDescription":"PG+VC","EnglishDescription":"PG+VC"},
		{"CodeName":"","ChineseDescription":"检具+VC","EnglishDescription":"Gauge+VC"},
		{"CodeName":"RL","ChineseDescription":"直尺/卷尺","EnglishDescription":"Ruler"},
		{"CodeName":"MT","ChineseDescription":"万用表","EnglishDescription":"Multimeter"},
		{"CodeName":"SF","ChineseDescription":"光洁度测量仪","EnglishDescription":"Surface Roughness"},
		{"CodeName":"UA","ChineseDescription":"万能角度尺","EnglishDescription":"Universal Angle Ruler"},
		{"CodeName":"TM","ChineseDescription":"扭力表","EnglishDescription":"Torque Meter"},
		{"CodeName":"PP","ChineseDescription":"推拉力计","EnglishDescription":"Push Pull Gauge"},
		{"CodeName":"OT","ChineseDescription":"自制量具","EnglishDescription":"Tailor-made Gage"},
		{"CodeName":"2D","ChineseDescription":"示波器","EnglishDescription":"Scope Check"}
	]
	
}
       
