﻿{ 
	"螺纹直径":[
		{"fineThread":"M1.0X0.2"},
		{"fineThread":"M1.1X0.25"},
		{"fineThread":"M1.1X0.2"},
		{"fineThread":"M1.2X0.2"},
		{"fineThread":"M1.4X0.3"},
		{"fineThread":"M1.4X0.2"},
		{"fineThread":"M1.6X0.2"},
		{"fineThread":"M1.8X0.35"},
		{"fineThread":"M1.8X0.2"},
		{"fineThread":"M2.0X0.25"},
		{"fineThread":"M2.2X0.45"},
		{"fineThread":"M2.2X0.25"},
		{"fineThread":"M2.5X0.35"},
		{"fineThread":"M3.0X0.35"},
		{"fineThread":"M3.5X0.35"},
		{"fineThread":"M4.0X0.5"},
		{"fineThread":"M4.5X0.5"},
		{"fineThread":"M5.0X0.5"},
		{"fineThread":"M5.5X0.5"},
		{"fineThread":"M6.0X0.75"},
		{"fineThread":"M7.0X0.75"},
		{"fineThread":"M7.0X0.5"},
		{"fineThread":"M8.0X1.0"},
		{"fineThread":"M8.0X0.75"},
		{"fineThread":"M9.0X1.0"},
		{"fineThread":"M9.0X0.75"},
		{"fineThread":"M9.0X0.5"},
		{"fineThread":"M10X1.25"},
		{"fineThread":"M10X1.0"},
		{"fineThread":"M10X0.75"},
		{"fineThread":"M11X1.0"},
		{"fineThread":"M11X0.75"},
		{"fineThread":"M11X0.5"},
		{"fineThread":"M12X1.5"},
		{"fineThread":"M12X1.25"},
		{"fineThread":"M12X1.0"},
		{"fineThread":"M14X2.0"},
		{"fineThread":"M14X1.5"},
		{"fineThread":"M14X1.0"},
		{"fineThread":"M15X1.5"},
		{"fineThread":"M16X1.5"},
		{"fineThread":"M16X1.0"},
		{"fineThread":"M17X1.5"},
		{"fineThread":"M18X2.5"},
		{"fineThread":"M18X2.0"},
		{"fineThread":"M18X1.5"},
		{"fineThread":"M18X1.0"},
		{"fineThread":"M20X2.0"},
		{"fineThread":"M20X1.5"},
		{"fineThread":"M20X1.0"},
		{"fineThread":"M22X2.5"},
		{"fineThread":"M22X2.0"},
		{"fineThread":"M22X1.5"},
		{"fineThread":"M22X1.0"},
		{"fineThread":"M24X2.0"},
		{"fineThread":"M24X1.5"},
		{"fineThread":"M24X1.0"},
		{"fineThread":"M25X2.0"},
		{"fineThread":"M25X1.5"},
		{"fineThread":"M26X1.5"},
		{"fineThread":"M27X3.0"},
		{"fineThread":"M27X2.0"},
		{"fineThread":"M27X1.5"},
		{"fineThread":"M27X1.0"},
		{"fineThread":"M28X2.0"},
		{"fineThread":"M28X1.5"},
		{"fineThread":"M28X1.0"},
		{"fineThread":"M30X2.0"},
		{"fineThread":"M30X1.5"},
		{"fineThread":"M30X1.0"}
	]
}