﻿{ 
	"取点数量":[
		{"qudian":"3"},
		{"qudian":"4"},
		{"qudian":"5"},
		{"qudian":"6"},
		{"qudian":"7"},
		{"qudian":"8"},
		{"qudian":"9"},
		{"qudian":"10"},
		{"qudian":"11"},
		{"qudian":"12"},
		{"qudian":"13"},
		{"qudian":"14"},
		{"qudian":"15"},
		{"qudian":"16"},
		{"qudian":"17"},
		{"qudian":"18"},
		{"qudian":"19"},
		{"qudian":"20"},
		{"qudian":"21"},
		{"qudian":"22"},
		{"qudian":"23"},
		{"qudian":"24"},
		{"qudian":"25"},
		{"qudian":"26"},
		{"qudian":"27"},
		{"qudian":"28"},
		{"qudian":"29"},
		{"qudian":"30"},
		{"qudian":"31"},
		{"qudian":"32"},
		{"qudian":"33"},
		{"qudian":"34"},
		{"qudian":"35"},
		{"qudian":"36"},
		{"qudian":"37"},
		{"qudian":"38"},
		{"qudian":"39"},
		{"qudian":"40"},
		{"qudian":"41"},
		{"qudian":"42"},
		{"qudian":"43"},
		{"qudian":"44"},
		{"qudian":"45"},
		{"qudian":"46"},
		{"qudian":"47"},
		{"qudian":"48"},
		{"qudian":"49"},
		{"qudian":"50"}

	]
}