{ 
	"常用/common":[
		{"symbolShape":"±","unicode":"00B1","ChineseDescription":"正负号","meaning":"Plus Minus sign"},
		{"symbolShape":"°","unicode":"00B0","ChineseDescription":"度","meaning":"Degee"},
		{"symbolShape":"∅","unicode":"2205","ChineseDescription":"孔径","meaning":"Diameter"},
		{"symbolShape":"~","ChineseDescription":"连字符","meaning":"Hyphen"}
	],
	"形位公差/GD&T":[
		{"symbolShape":"⊥","unicode":"27C2","ChineseDescription":"垂直度","meaning":"Perpendicularity"},
		{"symbolShape":"⫽","unicode":"2AFD","ChineseDescription":"平行度","meaning":"Parallelism"},
		{"symbolShape":"▱","unicode":"25B1","ChineseDescription":"平面度","meaning":"Flatness"},
		{"symbolShape":"―","unicode":"23E4","ChineseDescription":"直线度","meaning":"Straightness"},
		{"symbolShape":"⌯","unicode":"232F","ChineseDescription":"对称度","meaning":"Symmetry"},
		{"symbolShape":"〇","unicode":"25CB","ChineseDescription":"圆度","meaning":"Circularity"},
		{"symbolShape":"⌾","unicode":"25CE","ChineseDescription":"同轴(同心)度","meaning":"Concentricity"},
		{"symbolShape":"⌭","unicode":"232D","ChineseDescription":"圆柱度","meaning":"Cylindricity"},
		{"symbolShape":"⌖","unicode":"2316","ChineseDescription":"位置度","meaning":"Position"},
		{"symbolShape":"⌒","unicode":"2313","ChineseDescription":"线轮廓度","meaning":"Profile of a line"},
		{"symbolShape":"⌓","unicode":"2313","ChineseDescription":"面轮廓度","meaning":"Profile of a surface"},
		{"symbolShape":"⌔","unicode":"2314","ChineseDescription":"Sector","meaning":"Sector"},
		{"symbolShape":"↗","unicode":"2197","ChineseDescription":"圆跳动","meaning":"Circular run-out"},
		{"symbolShape":"⌰","unicode":"2330","ChineseDescription":"全跳动","meaning":"Total run-out"},
		{"symbolShape":"⌳","unicode":"2333","ChineseDescription":"倾斜度","meaning":"Slope"}
	],
	"孔位/hole":[
		{"symbolShape":"DP","unicode":"DP","ChineseDescription":"深度","meaning":"Deep"},
		{"symbolShape":"⌵","unicode":"2335","ChineseDescription":"倒角","meaning":"countersink"},
		{"symbolShape":"⌴","unicode":"2334","ChineseDescription":"沉孔","meaning":"counterbore"},
		{"symbolShape":"⌲","unicode":"2322","ChineseDescription":"锥形","meaning":"Conical taper"}
	],
	"单位/unit":[
		{"symbolShape":"℄","unicode":"2104","ChineseDescription":"中分线","meaning":"Centerline"},
		{"symbolShape":"℃","unicode":"2103","ChineseDescription":"摄氏度","meaning":"Degree Celsius"},
		{"symbolShape":"RA","unicode":"RA","ChineseDescription":"光洁度","meaning":"Roughness"},
		{"symbolShape":"HRC","unicode":"HRC","ChineseDescription":"洛氏硬度","meaning":"HRC Hardness"},
		{"symbolShape":"Ω","unicode":"2126","ChineseDescription":"电阻","meaning":"resistance"}
	],
	"其他/others":[

		{"symbolShape":"VI","unicode":"VI","ChineseDescription":"外观","meaning":"Cosmetic"},
		{"symbolShape":"自定文字","ChineseDescription":"","meaning":"Custom text"}
	]
}
       
