﻿{ 
	"螺纹直径":[
		{"UNF":"#0-80"},
		{"UNF":"#1-72"},
		{"UNF":"#2-64"},
		{"UNF":"#3-56"},
		{"UNF":"#4-48"},
		{"UNF":"#5-44"},
		{"UNF":"#6-40"},
		{"UNF":"#8-36"},
		{"UNF":"#10-32"},
		{"UNF":"#12-28"},
		{"UNF":"1/4-28"},
		{"UNF":"5/16-24"},
		{"UNF":"3/8-24"},
		{"UNF":"7/16-20"},
		{"UNF":"1/2-20"},
		{"UNF":"9/16-18"},
		{"UNF":"5/8-18"},
		{"UNF":"3/4-16"},
		{"UNF":"7/8-14"},
		{"UNF":"1-12"},
		{"UNF":"1-1/8-12"},
		{"UNF":"1-1/4-12"},
		{"UNF":"1-3/8-12 "},
		{"UNF":"1-1/2-12"}
	]
}